"DESCRIPTION","DURATION IN MS","NAME","PARENT SUITE","START TIME","STATUS","STOP TIME","SUB SUITE","SUITE","TEST CLASS","TEST METHOD"
"","1479","@regression Delete a user test","chromium","2026-10-05","passed","2026-10-05","","api/user.api.individual.spec.ts","",""
"","3154","@regression verify search results count - samsung - Samsung Galaxy Tab 10.1","chromium","2026-10-05","passed","2026-10-05","","searchpage.spec.ts","",""
"","339","@regression POST API -- create a user","chromium","2026-10-05","passed","2026-10-05","running e2e go rest crud apis tests","api/user.api.spec.ts","",""
"","2688","@regression login to app with invalid credentials with JSON Data- invalid@open.com -","chromium","2026-10-05","passed","2026-10-05","","loginpagefix.spec.ts","",""
"Verify user can login with valid credentials","3080","@regression user is able to login to app with valid credentials","chromium","2026-10-05","passed","2026-10-05","","Login Tests","",""
"","2514","@regression login to app with invalid credentials with CSV data - invalid@open.com - wrong123","chromium","2026-10-05","passed","2026-10-05","","loginpagefix.spec.ts","",""
"","2603","@regression login to app with invalid credentials with Excel Data- pwapril@pw.com -","chromium","2026-10-05","passed","2026-10-05","","loginpagefix.spec.ts","",""
"","933","@regression get albums data test","chromium","2026-10-05","passed","2026-10-05","","api/spotify.oauth2.spec.ts","",""
"","332","@regression PUT API -- update a user","chromium","2026-10-05","passed","2026-10-05","running e2e go rest crud apis tests","api/user.api.spec.ts","",""
"","2652","@regression login to app with invalid credentials with Excel Data- - pw1234","chromium","2026-10-05","passed","2026-10-05","","loginpagefix.spec.ts","",""
"","2022","@regression forgot pwd link exist test","chromium","2026-10-05","passed","2026-10-05","","loginpagefix.spec.ts","",""
"","1535","@regression Create a user test","chromium","2026-10-05","passed","2026-10-05","","api/user.api.individual.spec.ts","",""
"","2150","@regression Update a user test","chromium","2026-10-05","passed","2026-10-05","","api/user.api.individual.spec.ts","",""
"","3310","@regression verify search results count - macbook - MacBook Air","chromium","2026-10-05","passed","2026-10-05","","searchpage.spec.ts","",""
"","347","@smoke @regression GET API - get all users","chromium","2026-10-05","passed","2026-10-05","running e2e go rest crud apis tests","api/user.api.spec.ts","",""
"","3503","@regression verify search results count - canon - Canon EOS 5D","chromium","2026-10-05","passed","2026-10-05","","searchpage.spec.ts","",""
"","4191","@regression verify product information/data","chromium","2026-10-05","passed","2026-10-05","","productpage.spec.ts","",""
"","2585","@regression login to app with invalid credentials with CSV data - - pw1234","chromium","2026-10-05","passed","2026-10-05","","loginpagefix.spec.ts","",""
"","611","@regression booking CRUD with token","chromium","2026-10-05","passed","2026-10-05","","api/booking.api.spec.ts","",""
"","2503","@regression login to app with invalid credentials with JSON Data- pwapril@pw.com - wrong@123","chromium","2026-10-05","passed","2026-10-05","","loginpagefix.spec.ts","",""
"","339","@regression DELETE API -- delete a user","chromium","2026-10-05","passed","2026-10-05","running e2e go rest crud apis tests","api/user.api.spec.ts","",""
"","2926","@regression home page headers exist test","chromium","2026-10-05","passed","2026-10-05","","homepagefix.spec.ts","",""
"","3264","@regression verify search results count - imac - iMac","chromium","2026-10-05","passed","2026-10-05","","searchpage.spec.ts","",""
"","2552","@regression login to app with invalid credentials with Excel Data- invalid@open.com - wrong123","chromium","2026-10-05","passed","2026-10-05","","loginpagefix.spec.ts","",""
"","3126","@regression verify search results count - macbook - MacBook Pro","chromium","2026-10-05","passed","2026-10-05","","searchpage.spec.ts","",""
"","2634","@regression login to app with invalid credentials with CSV data - pwapril@pw.com -","chromium","2026-10-05","passed","2026-10-05","","loginpagefix.spec.ts","",""
"","4293","@regression verify product images count","chromium","2026-10-05","passed","2026-10-05","","productpage.spec.ts","",""
"","2601","@regression login to app with invalid credentials with JSON Data- wrong@open.com - wrong@123","chromium","2026-10-05","passed","2026-10-05","","loginpagefix.spec.ts","",""
"","3662","@regression login to app with invalid credentials with fixture data","chromium","2026-10-05","passed","2026-10-05","","loginpagefix.spec.ts","",""
